<?xml version="1.0" encoding="UTF-8"?>
<list version="1.0">
	<fvm_meta theme_code="" is_biz="0" />
	<theme id="custom" name="Comedy World" thumb="" cc_theme_id="custom" />
	<theme id="import" name="Imported Assets" thumb="" />
	<theme id="retro" name="Cartoon Classics" thumb="ann-stand.swf" />
	<theme id="vietnam" name="Jungle Warfare" thumb="" />
	<theme id="monstermsh" name="Monsters Mayhem" thumb="" />
	<theme id="stick" name="Stick Figure" thumb="" />
	<theme id="action" name="Lil' Peepz" thumb="" cc_theme_id="action" />
	<theme id="animal" name="Lil' Petz" thumb="" />
	<theme id="politics2" name="White Houserz" thumb="" />
	<theme id="chibi" name="Chibi Peepz" thumb="" cc_theme_id="chibi" />
	<theme id="space" name="Space Peepz" thumb="" />
	<theme id="ninja" name="Chibi Ninjas" thumb="" cc_theme_id="ninja" />
	<theme id="anime" name="Anime" thumb="" cc_theme_id="anime" />
	<theme id="ninjaanime" name="Ninja Anime" thumb="" cc_theme_id="ninjaanime" />
	<theme id="christmas" name="Holiday &amp; Seasonal" thumb="santa-stand.swf" />
	<theme id="spacecitizen" name="Space Citizens" thumb="" cc_theme_id="spacecitizen" />
	<theme id="politic" name="Politics &amp; Celebrity" thumb="hilary-stand.swf" />
	<theme id="fullenergy" name="Full Energy" thumb=""/>
	<theme id="akon" name="AKON" />
	<theme id="ben10" name="Ben 10" />
	<theme id="botdf" name="Blood on the Dance Floor (Unused)" cc_theme_id="botdf" />
	<theme id="bunny" name="It's Happy Bunny" enable="N" />
	<theme id="chowder" name="Chowder" enable="N" />
	<theme id="domo" name="Domo" enable="N" />
	<theme id="monkeytalk" name="SuperRica &amp; Rashy" enable="N" />
	<theme id="sf" name="Street Fighter" enable="N" />
	<theme id="startrek" name="Star Trek Quogs" enable="N" />
	<theme id="street" name="Street (Unused)" enable="N" />
	<theme id="underdog" name="Saturday Morning TV" enable="N" />
	<theme id="willie" name="Willie Nelson" enable="N" />
	<theme id="toonadv" name="Toon Adventure" enable="N" />
	<theme id="common" name="Common" thumb="matchboy-stand.swf" cc_theme_id="common"/>
	<whiteword />
	<excludeAssetIDs />
	<points money="0" sharing="0" />
</list>
