<?xml version="1.0" encoding="utf-8"?>
<theme id="toonadv" name="Toon Adventure">
	<char id="blossom" name="Blossom" thumb="standing.swf" facing="left" default="standing.swf" motion="walk.swf" enable="Y" is_premium="N" aid="10245" money="200" sharing="100">
		<category name="Emotion">
			<action id="excited.swf" name="Excited" loop="Y" totalframe="38" enable="Y" aid="10246"/>
			<action id="cry.swf" name="Cry" loop="Y" totalframe="23" enable="Y" aid="10247"/>
			<action id="sad.swf" name="Sad" loop="Y" totalframe="31" enable="Y" aid="10248"/>
			<action id="angry.swf" name="Angry" loop="Y" totalframe="27" enable="Y" aid="10249"/>
			<action id="shocked.swf" name="Shocked" loop="Y" totalframe="34" enable="Y" aid="10250"/>
			<action id="thinking.swf" name="Thinking" loop="Y" totalframe="60" enable="Y" aid="10251"/>
			<action id="laugh.swf" name="Laugh" loop="Y" totalframe="21" enable="Y" aid="10252"/>
		</category>
		<category name="Fight">
			<action id="fight.swf" name="Punch" loop="Y" totalframe="28" enable="Y" aid="10253"/>
			<action id="get_hit.swf" name="Get hit" loop="Y" totalframe="40" enable="Y" aid="10254"/>
			<action id="combo_punch.swf" name="Combo punch" loop="Y" totalframe="100" enable="Y" aid="10255"/>
			<action id="kick.swf" name="Kick" loop="Y" totalframe="100" enable="Y" aid="10256"/>
		</category>
		<category name="Standing">
			<action id="standing.swf" name="Frontview" loop="Y" totalframe="1" enable="Y" aid="10257"/>
			<action id="backview.swf" name="Backview" loop="Y" totalframe="70" enable="Y" aid="10258"/>
		</category>
		<category name="Super Powers">
			<action id="laser_eye.swf" name="Heat vision" loop="Y" totalframe="28" enable="Y" aid="10259">
				<prop id="msp_laser.msp_laser_laser_med.swf" aid="10201"/>
			</action>
			<action id="ice_breathe.swf" name="Ice-Breathe" loop="Y" totalframe="28" enable="Y" aid="10260">
				<prop id="msp_ice.msp_ice_ice_med.swf" aid="10197"/>
			</action>
			<action id="sonic_scream.swf" name="Sonic Scream" loop="Y" totalframe="28" enable="Y" aid="10261">
				<prop id="msp_sonic.msp_sonic_sonic_med.swf" aid="10206"/>
			</action>
		</category>
		<action id="sitting.swf" name="Sitting" loop="Y" totalframe="1" enable="Y" aid="10262"/>
		<action id="talk.swf" name="Talk" loop="Y" totalframe="100" enable="Y" aid="10263"/>
		<action id="point_at.swf" name="Point at" loop="Y" totalframe="26" enable="Y" aid="10264"/>
		<action id="hover.swf" name="Hover" loop="Y" totalframe="28" enable="Y" aid="10265"/>
		<action id="crossed_arms.swf" name="Crossed arms" loop="Y" totalframe="1" enable="Y" aid="10266"/>
		<action id="take_off.swf" name="Take off" loop="Y" totalframe="52" enable="Y" aid="10267"/>
		<action id="fighting_stance.swf" name="Stare at camera" loop="Y" totalframe="1" enable="Y" aid="10268"/>
		<motion id="walk.swf" name="Walk" loop="Y" totalframe="20" enable="Y" aid="10269"/>
		<motion id="run.swf" name="Run" loop="Y" totalframe="16" enable="Y" aid="10270"/>
		<motion id="fly.swf" name="Fly" loop="Y" totalframe="1" enable="Y" aid="10271"/>
		<facial id="head_talk_happy.swf" name="Talk happy" enable="Y" aid="10272"/>
		<facial id="head_talk_angry.swf" name="Talk angry" enable="Y" aid="10273"/>
		<facial id="head_talk_sad.swf" name="Talk sad" enable="Y" aid="10274"/>
		<facial id="head_talk.swf" name="Talk" enable="Y" aid="10275"/>
		<facial id="head_confused.swf" name="Confused" enable="Y" aid="10276"/>
		<facial id="head_shocked.swf" name="Shocked" enable="Y" aid="10277"/>
		<facial id="head_sad.swf" name="Sad" enable="Y" aid="10278"/>
		<facial id="head_angry.swf" name="Angry" enable="Y" aid="10279"/>
		<facial id="head_happy.swf" name="Happy" enable="Y" aid="10280"/>
		<facial id="head_neutral.swf" name="Neutral" enable="Y" aid="10281"/>
		<facial id="head_cry.swf" name="Cry" enable="Y" aid="10282"/>
		<facial id="head_surprised.swf" name="Surprised" enable="Y" aid="10283"/>
	</char>
	<char id="bubble" name="Bubbles" thumb="standing.swf" facing="left" default="standing.swf" motion="walk.swf" enable="Y" is_premium="N" aid="10284" money="200" sharing="100">
		<category name="Emotion">
			<action id="excited.swf" name="Excited" loop="Y" totalframe="40" enable="Y" aid="10285"/>
			<action id="cry.swf" name="Cry" loop="Y" totalframe="34" enable="Y" aid="10286"/>
			<action id="sad.swf" name="Sad" loop="Y" totalframe="60" enable="Y" aid="10287"/>
			<action id="angry.swf" name="Angry" loop="Y" totalframe="29" enable="Y" aid="10288"/>
			<action id="shocked.swf" name="Shocked" loop="Y" totalframe="1" enable="Y" aid="10289"/>
			<action id="thinking.swf" name="Thinking" loop="Y" totalframe="28" enable="Y" aid="10290"/>
			<action id="laugh.swf" name="Laugh" loop="Y" totalframe="28" enable="Y" aid="10291"/>
		</category>
		<category name="Fight">
			<action id="fight.swf" name="Punch" loop="Y" totalframe="28" enable="Y" aid="10292"/>
			<action id="get_hit.swf" name="Get hit" loop="Y" totalframe="28" enable="Y" aid="10293"/>
			<action id="combo_punch.swf" name="Combo punch" loop="Y" totalframe="40" enable="Y" aid="10294"/>
			<action id="kick.swf" name="Kick" loop="Y" totalframe="21" enable="Y" aid="10295"/>
		</category>
		<category name="Standing">
			<action id="standing.swf" name="Frontview" loop="Y" totalframe="1" enable="Y" aid="10296"/>
			<action id="backview.swf" name="Backview" loop="Y" totalframe="70" enable="Y" aid="10297"/>
		</category>
		<category name="Super powers">
			<action id="laser_eye.swf" name="Heat vision" loop="Y" totalframe="1" enable="Y" aid="10298">
				<prop id="msp_laser.msp_laser_laser_med.swf" aid="10201"/>
			</action>
			<action id="sonic_scream.swf" name="Sonic Scream" loop="Y" totalframe="80" enable="Y" aid="10299">
				<prop id="msp_sonic.msp_sonic_sonic_med.swf" aid="10206"/>
			</action>
		</category>
		<action id="sitting.swf" name="Sitting" loop="Y" totalframe="20" enable="Y" aid="10300"/>
		<action id="talk.swf" name="Talk" loop="Y" totalframe="16" enable="Y" aid="10301"/>
		<action id="point_at.swf" name="Point at" loop="Y" totalframe="1" enable="Y" aid="10302"/>
		<action id="hover.swf" name="Hovering" loop="Y" totalframe="1" enable="Y" aid="10303"/>
		<action id="hug.swf" name="Hug soft toy" loop="Y" totalframe="100" enable="Y" aid="10304">
			<prop id="octi.swf" aid="10203"/>
		</action>
		<action id="hug_shake.swf" name="Hug and shake toy" loop="Y" totalframe="8" enable="Y" aid="10305">
			<prop id="octi.swf" aid="10203"/>
		</action>
		<action id="crossed_arms.swf" name="Crossed arms" loop="Y" totalframe="70" enable="Y" aid="10306"/>
		<action id="shy.swf" name="Shy" loop="Y" totalframe="23" enable="Y" aid="10307"/>
		<action id="take_off.swf" name="Take off" loop="Y" totalframe="31" enable="Y" aid="10308"/>
		<action id="fighting_stance.swf" name="Stare at camera" loop="Y" totalframe="1" enable="Y" aid="10309"/>
		<motion id="walk.swf" name="Walk" loop="Y" totalframe="52" enable="Y" aid="10310"/>
		<motion id="run.swf" name="Run" loop="Y" totalframe="100" enable="Y" aid="10311"/>
		<motion id="fly.swf" name="Fly" loop="Y" totalframe="100" enable="Y" aid="10312"/>
		<facial id="head_talk_happy.swf" name="Talk happy" enable="Y" aid="10313"/>
		<facial id="head_talk_angry.swf" name="Talk angry" enable="Y" aid="10314"/>
		<facial id="head_talk_sad.swf" name="Talk sad" enable="Y" aid="10315"/>
		<facial id="head_talk.swf" name="Talk" enable="Y" aid="10316"/>
		<facial id="head_confused.swf" name="Confused" enable="Y" aid="10317"/>
		<facial id="head_shocked.swf" name="Shocked" enable="Y" aid="10318"/>
		<facial id="head_sad.swf" name="Sad" enable="Y" aid="10319"/>
		<facial id="head_angry.swf" name="Angry" enable="Y" aid="10320"/>
		<facial id="head_happy.swf" name="Happy" enable="Y" aid="10321"/>
		<facial id="head_neutral.swf" name="Neutral" enable="Y" aid="10322"/>
		<facial id="head_cry.swf" name="Cry" enable="Y" aid="10323"/>
		<facial id="head_surprised.swf" name="Surprised" enable="Y" aid="10324"/>
	</char>
	<char id="buttercup" name="Buttercup" thumb="standing.swf" facing="left" default="standing.swf" motion="walk.swf" enable="Y" is_premium="N" aid="10325" money="200" sharing="100">
		<category name="Emotion">
			<action id="sad.swf" name="Sad" loop="Y" totalframe="31" enable="Y" aid="10326"/>
			<action id="shocked.swf" name="Shocked" loop="Y" totalframe="34" enable="Y" aid="10327"/>
			<action id="excited.swf" name="Excited" loop="Y" totalframe="20" enable="Y" aid="10328"/>
			<action id="cry.swf" name="Cry" loop="Y" totalframe="23" enable="Y" aid="10329"/>
			<action id="angry.swf" name="Angry" loop="Y" totalframe="40" enable="Y" aid="10330"/>
			<action id="thinking.swf" name="Thinking" loop="Y" totalframe="60" enable="Y" aid="10331"/>
			<action id="laugh.swf" name="Laugh" loop="Y" totalframe="21" enable="Y" aid="10332"/>
		</category>
		<category name="Fight">
			<action id="fight.swf" name="Punch" loop="Y" totalframe="28" enable="Y" aid="10333"/>
			<action id="get_hit.swf" name="Get hit" loop="Y" totalframe="40" enable="Y" aid="10334"/>
			<action id="kick.swf" name="Kick" loop="Y" totalframe="100" enable="Y" aid="10335"/>
			<action id="combo_punch.swf" name="Combo punch" loop="Y" totalframe="100" enable="Y" aid="10336"/>
		</category>
		<category name="Standing">
			<action id="standing.swf" name="Frontview" loop="Y" totalframe="1" enable="Y" aid="10337"/>
			<action id="backview.swf" name="Backview" loop="Y" totalframe="70" enable="Y" aid="10338"/>
		</category>
		<category name="Super powers">
			<action id="sonic_scream.swf" name="Sonic scream" loop="Y" totalframe="28" enable="Y" aid="10339">
				<prop id="msp_sonic.msp_sonic_sonic_med.swf" aid="10206"/>
			</action>
			<action id="laser_eye.swf" name="Heat vision" loop="Y" totalframe="28" enable="Y" aid="10340">
				<prop id="msp_laser.msp_laser_laser_med.swf" aid="10201"/>
			</action>
			<action id="taunt.swf" name="Tongue roll" loop="Y" totalframe="70" enable="Y" aid="10341"/>
		</category>
		<action id="talk.swf" name="Talk" loop="Y" totalframe="100" enable="Y" aid="10342"/>
		<action id="point_at.swf" name="Point at" loop="Y" totalframe="29" enable="Y" aid="10343"/>
		<action id="crossed_arms.swf" name="Crossed arms" loop="Y" totalframe="1" enable="Y" aid="10344"/>
		<action id="take_off.swf" name="Take off" loop="Y" totalframe="52" enable="Y" aid="10345"/>
		<action id="fighting_stance.swf" name="Stare at camera" loop="Y" totalframe="1" enable="Y" aid="10346"/>
		<action id="sitting.swf" name="Sitting" loop="Y" totalframe="1" enable="Y" aid="10347"/>
		<action id="hover.swf" name="Hovering" loop="Y" totalframe="28" enable="Y" aid="10348"/>
		<action id="yes.swf" name="Victory" loop="Y" totalframe="49" enable="Y" aid="10349"/>
		<motion id="walk.swf" name="Walk" loop="Y" totalframe="20" enable="Y" aid="10350"/>
		<motion id="run.swf" name="Run" loop="Y" totalframe="16" enable="Y" aid="10351"/>
		<motion id="fly.swf" name="Fly" loop="Y" totalframe="1" enable="Y" aid="10352"/>
		<facial id="head_talk_happy.swf" name="Talk happy" enable="Y" aid="10353"/>
		<facial id="head_talk_angry.swf" name="Talk angry" enable="Y" aid="10354"/>
		<facial id="head_talk_sad.swf" name="Talk sad" enable="Y" aid="10355"/>
		<facial id="head_talk.swf" name="Talk" enable="Y" aid="10356"/>
		<facial id="head_confused.swf" name="Confused" enable="Y" aid="10357"/>
		<facial id="head_shocked.swf" name="Shocked" enable="Y" aid="10358"/>
		<facial id="head_sad.swf" name="Sad" enable="Y" aid="10359"/>
		<facial id="head_angry.swf" name="Angry" enable="Y" aid="10360"/>
		<facial id="head_happy.swf" name="Happy" enable="Y" aid="10361"/>
		<facial id="head_neutral.swf" name="Neutral" enable="Y" aid="10362"/>
		<facial id="head_cry.swf" name="Cry" enable="Y" aid="10363"/>
		<facial id="head_surprised.swf" name="Surprised" enable="Y" aid="10364"/>
		<facial id="head_taunt.swf" name="Taunt" enable="Y" aid="10365"/>
		<facial id="head_talk_scheming.swf" name="Talk scheming" enable="Y" aid="10366"/>
	</char>
	<char id="mojojojo" name="Mojo jojo" thumb="standing.swf" facing="left" default="standing.swf" motion="walk.swf" enable="Y" is_premium="N" aid="10367" money="200" sharing="100">
		<category name="Emotion">
			<action id="happy.swf" name="Happy" loop="Y" totalframe="59" enable="Y" aid="10368"/>
			<action id="cry.swf" name="Cry" loop="Y" totalframe="100" enable="Y" aid="10369"/>
			<action id="sad.swf" name="Sad" loop="Y" totalframe="135" enable="Y" aid="10370"/>
			<action id="angry.swf" name="Angry" loop="Y" totalframe="5" enable="Y" aid="10371"/>
			<action id="shocked.swf" name="Shocked" loop="Y" totalframe="70" enable="Y" aid="10372"/>
			<action id="thinking.swf" name="Thinking" loop="Y" totalframe="123" enable="Y" aid="10373"/>
			<action id="laugh.swf" name="Laugh" loop="Y" totalframe="7" enable="Y" aid="10374"/>
		</category>
		<category name="Fight">
			<action id="get_hit_punch.swf" name="Get hit" loop="Y" totalframe="93" enable="Y" aid="10375"/>
			<action id="get_hit_laser.swf" name="Zapped" loop="Y" totalframe="35" enable="Y" aid="10376"/>
		</category>
		<category name="Standing">
			<action id="standing.swf" name="Frontview" loop="Y" totalframe="1" enable="Y" aid="10377"/>
			<action id="backview.swf" name="Backview" loop="Y" totalframe="1" enable="Y" aid="10378"/>
		</category>
		<action id="sitting.swf" name="Sitting" loop="Y" totalframe="1" enable="Y" aid="10379"/>
		<action id="talk.swf" name="Talk" loop="Y" totalframe="131" enable="Y" aid="10380"/>
		<action id="point_at.swf" name="Point at" loop="Y" totalframe="27" enable="Y" aid="10381"/>
		<action id="hold_gun.swf" name="Hold gun" loop="Y" totalframe="16" enable="Y" aid="10382">
			<prop id="gun.swf" aid="10194"/>
		</action>
		<action id="roar.swf" name="roar" loop="Y" totalframe="24" enable="Y" aid="10383"/>
		<action id="crossed_arms.swf" name="crossed arms" loop="Y" totalframe="1" enable="Y" aid="10384"/>
		<action id="posing.swf" name="posing" loop="Y" totalframe="29" enable="Y" aid="10385"/>
		<action id="talk_complain.swf" name="Talk fervently" loop="Y" totalframe="84" enable="Y" aid="10386"/>
		<motion id="walk.swf" name="Walk" loop="Y" totalframe="16" enable="Y" aid="10387"/>
		<motion id="run.swf" name="Run" loop="Y" totalframe="16" enable="Y" aid="10388"/>
		<facial id="head_talk_scheming.swf" name="Talk scheming" enable="Y" aid="10389"/>
		<facial id="head_talk_angry.swf" name="Talk angry" enable="Y" aid="10390"/>
		<facial id="head_talk_sad.swf" name="Talk sad" enable="Y" aid="10391"/>
		<facial id="head_talk.swf" name="Talk" enable="Y" aid="10392"/>
		<facial id="head_evil_grin.swf" name="Evil grin" enable="Y" aid="10393"/>
		<facial id="head_shocked.swf" name="Shocked" enable="Y" aid="10394"/>
		<facial id="head_sad.swf" name="Sad" enable="Y" aid="10395"/>
		<facial id="head_angry.swf" name="Angry" enable="Y" aid="10396"/>
		<facial id="head_happy.swf" name="Happy" enable="Y" aid="10397"/>
		<facial id="head_neutral.swf" name="Neutral" enable="Y" aid="10398"/>
	</char>
	<background id="indo_bg.swf" name="Taj Mahal" enable="N" default="N" is_premium="N" aid="10399" money="0" sharing="0"/>
	<background id="street_day_bg.swf" name="" enable="N" default="N" is_premium="N" aid="10442" money="0" sharing="0"/>
	<background id="lliving_rm_bg.swf" name="" enable="N" default="N" is_premium="N" aid="10441" money="0" sharing="0"/>
	<background id="beach_bg.swf" name="" enable="N" default="N" is_premium="N" aid="10440" money="0" sharing="0"/>
	<background id="thailand_bg.swf" name="" enable="N" default="N" is_premium="N" aid="10439" money="0" sharing="0"/>
	<background id="taiwan_bg.swf" name="" enable="N" default="N" is_premium="N" aid="10409" money="0" sharing="0"/>
	<background id="kid_bg.swf" name="" enable="N" default="N" is_premium="N" aid="10408" money="0" sharing="0"/>
	<background id="sydney_bg.swf" name="" enable="N" default="N" is_premium="N" aid="10407" money="0" sharing="0"/>
	<background id="malaysia_bg.swf" name="" enable="N" default="N" is_premium="N" aid="10406" money="0" sharing="0"/>
	<background id="space_bg.swf" name="" enable="N" default="N" is_premium="N" aid="10404" money="0" sharing="0"/>
	<background id="mojojojo_lair_bg.swf" name="" enable="N" default="N" is_premium="N" aid="10403" money="0" sharing="0"/>
	<background id="flapjacks_bg.swf" name="" enable="N" default="N" is_premium="N" aid="10402" money="0" sharing="0"/>
	<background id="townsville_hall_bg.swf" name="Townsville hall" enable="N" default="N" is_premium="N" aid="10401" money="0" sharing="0"/>
	<background id="police_station_bg.swf" name="Police station" enable="N" default="N" is_premium="N" aid="10400" money="0" sharing="0"/>
	<background id="street_night_bg.swf" name="" enable="N" default="N" is_premium="N" aid="10443" money="0" sharing="0"/>
	<compositebg id="cbg_st_night" name="" enable="Y" default="N" thumb="street_night.jpg" display_order="0" is_premium="N" money="0" sharing="0" aid="10453">
	<bg id="BG8" index="0">
		<file>toonadv.street_night_bg.swf</file>
	</bg>
	<prop id="PROP7" index="5">
		<file>toonadv.street_night_bin.swf</file>
		<x>105</x>
		<y>291.7</y>
		<xscale>1</xscale>
		<yscale>1</yscale>
		<face>1</face>
		<rotation>0</rotation>
	</prop>
	<prop id="PROP8" index="6">
		<file>toonadv.street_night_tape.swf</file>
		<x>347.4</x>
		<y>341.5</y>
		<xscale>1</xscale>
		<yscale>1</yscale>
		<face>1</face>
		<rotation>0</rotation>
	</prop>
</compositebg>
	<compositebg id="cbg_st_day" name="" enable="Y" default="N" thumb="street_day.jpg" display_order="0" is_premium="N" money="0" sharing="0" aid="10452">
	<bg id="BG8" index="0">
		<file>toonadv.street_day_bg.swf</file>
	</bg>
	<prop id="PROP6" index="5">
		<file>toonadv.street_day_sign02.swf</file>
		<x>507.2</x>
		<y>305.3</y>
		<xscale>1</xscale>
		<yscale>1</yscale>
		<face>1</face>
		<rotation>0</rotation>
	</prop>
	<prop id="PROP7" index="6">
		<file>toonadv.street_day_sign01.swf</file>
		<x>96</x>
		<y>287</y>
		<xscale>1</xscale>
		<yscale>1</yscale>
		<face>1</face>
		<rotation>0</rotation>
	</prop>
</compositebg>
	<compositebg id="cbg_living_rm" name="" enable="Y" default="N" thumb="living_room.jpg" display_order="0" is_premium="N" money="0" sharing="0" aid="10451">
	<bg id="BG8" index="0">
		<file>toonadv.lliving_rm_bg.swf</file>
	</bg>
	<prop id="PROP8" index="5">
		<file>toonadv.living_rm_sofa.swf</file>
		<x>261</x>
		<y>228</y>
		<xscale>1</xscale>
		<yscale>1</yscale>
		<face>1</face>
		<rotation>0</rotation>
	</prop>
	<prop id="PROP9" index="6">
		<file>toonadv.living_rm_tv.swf</file>
		<x>446</x>
		<y>235</y>
		<xscale>1</xscale>
		<yscale>1</yscale>
		<face>1</face>
		<rotation>0</rotation>
	</prop>
	<prop id="PROP10" index="7">
		<file>toonadv.living_rm_chair.swf</file>
		<x>205</x>
		<y>273</y>
		<xscale>1</xscale>
		<yscale>1</yscale>
		<face>1</face>
		<rotation>0</rotation>
	</prop>
</compositebg>
	<compositebg id="cbg_beach" name="" enable="Y" default="N" thumb="beach.jpg" display_order="0" is_premium="N" money="0" sharing="0" aid="10450">
	<bg id="BG8" index="0">
		<file>toonadv.beach_bg.swf</file>
	</bg>
	<prop id="PROP6" index="5">
		<file>toonadv.beach_prop01.swf</file>
		<x>113.1</x>
		<y>143.9</y>
		<xscale>1</xscale>
		<yscale>1</yscale>
		<face>1</face>
		<rotation>0</rotation>
	</prop>
	<prop id="PROP7" index="6">
		<file>toonadv.beach_prop02.swf</file>
		<x>235.2</x>
		<y>167.8</y>
		<xscale>1</xscale>
		<yscale>1</yscale>
		<face>1</face>
		<rotation>0</rotation>
	</prop>
</compositebg>
	<compositebg id="cbg_thai" name="" enable="Y" default="N" thumb="thailand.jpg" display_order="0" is_premium="N" money="0" sharing="0" aid="10449">
	<bg id="BG8" index="0">
		<file>toonadv.thailand_bg.swf</file>
	</bg>
	<prop id="PROP6" index="5">
		<file>toonadv.thailand_boat01.swf</file>
		<x>163</x>
		<y>233</y>
		<xscale>1</xscale>
		<yscale>1</yscale>
		<face>1</face>
		<rotation>0</rotation>
	</prop>
	<prop id="PROP7" index="6">
		<file>toonadv.thailand_boat02.swf</file>
		<x>86</x>
		<y>270</y>
		<xscale>1</xscale>
		<yscale>1</yscale>
		<face>1</face>
		<rotation>0</rotation>
	</prop>
	<prop id="PROP8" index="7">
		<file>toonadv.thailand_bridge.swf</file>
		<x>306</x>
		<y>418</y>
		<xscale>1</xscale>
		<yscale>1</yscale>
		<face>1</face>
		<rotation>0</rotation>
	</prop>
</compositebg>
	<compositebg id="cbg_sydney" name="" enable="Y" default="N" thumb="sydney.jpg" display_order="0" is_premium="N" money="0" sharing="0" aid="10448">
	<bg id="BG8" index="0">
		<file>toonadv.sydney_bg.swf</file>
	</bg>
	<prop id="PROP6" index="5">
		<file>toonadv.sydney_fence.swf</file>
		<x>306.7</x>
		<y>251.6</y>
		<xscale>1</xscale>
		<yscale>1</yscale>
		<face>1</face>
		<rotation>0</rotation>
	</prop>
</compositebg>
	<compositebg id="cbg_taiwan" name="" enable="Y" default="N" thumb="taiwan.jpg" display_order="0" is_premium="N" money="0" sharing="0" aid="10447">
	<bg id="BG8" index="0">
		<file>toonadv.taiwan_bg.swf</file>
	</bg>
	<prop id="PROP8" index="2">
		<file>toonadv.taiwan_tree.swf</file>
		<x>136.8</x>
		<y>286.3</y>
		<xscale>1</xscale>
		<yscale>1</yscale>
		<face>1</face>
		<rotation>0</rotation>
	</prop>
	<prop id="PROP9" index="4">
		<file>toonadv.taiwan_platform.swf</file>
		<x>401.6</x>
		<y>311.8</y>
		<xscale>1</xscale>
		<yscale>1</yscale>
		<face>1</face>
		<rotation>0</rotation>
	</prop>
	<prop id="PROP10" index="5">
		<file>toonadv.taiwan_bamboo.swf</file>
		<x>581.8</x>
		<y>262.3</y>
		<xscale>1</xscale>
		<yscale>1</yscale>
		<face>1</face>
		<rotation>0</rotation>
	</prop>
</compositebg>
	<compositebg id="cbg_malaysia" name="" enable="Y" default="N" thumb="malaysia.jpg" display_order="0" is_premium="N" money="0" sharing="0" aid="10446">
	<bg id="BG18" index="0">
		<file>toonadv.malaysia_bg.swf</file>
	</bg>
	<prop id="PROP12" index="2">
		<file>toonadv.malaysia_bushes.swf</file>
		<x>98.8</x>
		<y>293.1</y>
		<xscale>1</xscale>
		<yscale>1</yscale>
		<face>1</face>
		<rotation>0</rotation>
	</prop>
	<prop id="PROP13" index="3">
		<file>toonadv.malaysia_bushes.swf</file>
		<x>383.7</x>
		<y>293.8</y>
		<xscale>0.99</xscale>
		<yscale>1.12</yscale>
		<face>1</face>
		<rotation>0</rotation>
	</prop>
</compositebg>
	<compositebg id="cbg_space" name="" enable="Y" default="N" thumb="space.jpg" display_order="0" is_premium="N" money="0" sharing="0" aid="10445">
	<bg id="cbg_space_BG8" index="0">
		<file>toonadv.space_bg.swf</file>
	</bg>
	<prop id="PROP192" index="2">
		<file>toonadv.space_earth.swf</file>
		<x>136.2</x>
		<y>149.2</y>
		<xscale>1</xscale>
		<yscale>1</yscale>
		<face>1</face>
		<rotation>0</rotation>
	</prop>
	<prop id="PROP193" index="3">
		<file>toonadv.space_ball02.swf</file>
		<x>536.2</x>
		<y>212.2</y>
		<xscale>1</xscale>
		<yscale>1</yscale>
		<face>1</face>
		<rotation>0</rotation>
	</prop>
	<prop id="PROP194" index="4">
		<file>toonadv.satellite.swf</file>
		<x>369.2</x>
		<y>204.2</y>
		<xscale>1</xscale>
		<yscale>1</yscale>
		<face>-1</face>
		<rotation>0</rotation>
	</prop>
	<prop id="PROP195" index="5">
		<file>toonadv.space_ball01.swf</file>
		<x>146.2</x>
		<y>536.2</y>
		<xscale>2.58</xscale>
		<yscale>2.58</yscale>
		<face>1</face>
		<rotation>24.9</rotation>
	</prop>
</compositebg>
	<compositebg id="cbg_mojojojo" name="" enable="Y" default="N" thumb="mojojojo_lair.jpg" display_order="0" is_premium="N" money="0" sharing="0" aid="10444">
	<bg id="BG8" index="0">
		<file>toonadv.mojojojo_lair_bg.swf</file>
	</bg>
	<prop id="PROP7" index="2">
		<file>toonadv.mojojojo_mach01.swf</file>
		<x>429.4</x>
		<y>204.5</y>
		<xscale>1</xscale>
		<yscale>1</yscale>
		<face>1</face>
		<rotation>0</rotation>
	</prop>
	<prop id="PROP9" index="3">
		<file>toonadv.mojojojo_table.swf</file>
		<x>161</x>
		<y>272</y>
		<xscale>1</xscale>
		<yscale>1</yscale>
		<face>1</face>
		<rotation>0</rotation>
	</prop>
	<prop id="PROP8" index="4">
		<file>toonadv.mojojojo_chair.swf</file>
		<x>429</x>
		<y>246</y>
		<xscale>1</xscale>
		<yscale>1</yscale>
		<face>1</face>
		<rotation>0</rotation>
	</prop>
	<prop id="PROP6" index="5">
		<file>toonadv.mojojojo_mach02.swf</file>
		<x>234</x>
		<y>202</y>
		<xscale>1</xscale>
		<yscale>1</yscale>
		<face>1</face>
		<rotation>0</rotation>
	</prop>
</compositebg>
	<compositebg id="cbg_kid" name="" enable="Y" default="N" thumb="kid.jpg" display_order="0" is_premium="N" money="0" sharing="0" aid="10414">
	<bg id="cbg_kid_BG8" index="0">
		<file>toonadv.kid_bg.swf</file>
	</bg>
	<prop id="cbg_kid_PROP6" index="2">
		<file>toonadv.kids_jelly.swf</file>
		<x>314</x>
		<y>250</y>
		<xscale>1</xscale>
		<yscale>1</yscale>
		<face>1</face>
		<rotation>0</rotation>
	</prop>
</compositebg>
	<compositebg id="cbg_flapjacks" name="" enable="Y" default="N" thumb="flapjacks.jpg" display_order="0" is_premium="N" money="0" sharing="0" aid="10413">
	<bg id="cbg_flapjacks_BG8" index="0">
		<file>toonadv.flapjacks_bg.swf</file>
	</bg>
	<prop id="cbg_flapjacks_PROP7" index="2">
		<file>toonadv.flapjacks_barrel.swf</file>
		<x>208</x>
		<y>120</y>
		<xscale>1</xscale>
		<yscale>1</yscale>
		<face>1</face>
		<rotation>0</rotation>
	</prop>
</compositebg>
	<compositebg id="cbg_tai" name="Taj Mahal" enable="Y" default="N" thumb="indo.jpg" display_order="1" is_premium="N" money="0" sharing="0" aid="10410">
	<bg id="cbg_tai_BG5" index="0">
		<file>toonadv.indo_bg.swf</file>
	</bg>
	<prop id="cbg_tai_PROP0" index="2">
		<file>toonadv.indo_tree.swf</file>
		<x>152.6</x>
		<y>272.1</y>
		<xscale>1</xscale>
		<yscale>1</yscale>
		<face>1</face>
		<rotation>0</rotation>
	</prop>
	<prop id="cbg_tai_PROP1" index="3">
		<file>toonadv.indo_tree.swf</file>
		<x>498.6</x>
		<y>270.1</y>
		<xscale>1</xscale>
		<yscale>1</yscale>
		<face>-1</face>
		<rotation>0</rotation>
	</prop>
</compositebg>
	<compositebg id="cbg_police_station" name="Police station" enable="Y" default="N" thumb="police_station.jpg" display_order="2" is_premium="N" money="0" sharing="0" aid="10411">
	<bg id="cbg_police_station_BG1" index="0">
		<file>toonadv.police_station_bg.swf</file>
	</bg>
	<prop id="cbg_police_station_PROP0" index="2">
		<file>toonadv.police_car.swf</file>
		<x>140</x>
		<y>342</y>
		<xscale>1</xscale>
		<yscale>1</yscale>
		<face>-1</face>
		<rotation>0</rotation>
	</prop>
	<prop id="cbg_police_station_PROP1" index="3">
		<file>toonadv.police_car.swf</file>
		<x>239</x>
		<y>340</y>
		<xscale>1</xscale>
		<yscale>1</yscale>
		<face>-1</face>
		<rotation>0</rotation>
	</prop>
	<prop id="cbg_police_station_PROP2" index="4">
		<file>toonadv.police_margue.swf</file>
		<x>478</x>
		<y>336</y>
		<xscale>1</xscale>
		<yscale>1</yscale>
		<face>1</face>
		<rotation>0</rotation>
	</prop>
</compositebg>
	<compositebg id="cbg_townsville_hall" name="Townsville hall" enable="Y" default="Y" thumb="townsville_hall.jpg" display_order="3" is_premium="N" money="0" sharing="0" aid="10412">
	<bg id="cbg_townsville_hall_BG1" index="0">
		<file>toonadv.townsville_hall_bg.swf</file>
	</bg>
	<prop id="cbg_townsville_hall_PROP0" index="2">
		<file>toonadv.town_hall_trash.swf</file>
		<x>147</x>
		<y>324</y>
		<xscale>1</xscale>
		<yscale>1</yscale>
		<face>1</face>
		<rotation>0</rotation>
	</prop>
	<prop id="cbg_townsville_hall_PROP1" index="3">
		<file>toonadv.town_pickles_cart.swf</file>
		<x>502</x>
		<y>276</y>
		<xscale>1</xscale>
		<yscale>1</yscale>
		<face>1</face>
		<rotation>0</rotation>
	</prop>
</compositebg>
	<prop id="msp_flashlight_ver" name="" holdable="1" placeable="1" wearable="0" facing="left" thumb="msp_flashlight_ver_flashlight_ver_off.swf" enable="Y" is_premium="N" aid="10460" money="0" sharing="0">
		<state id="msp_flashlight_ver_flashlight_ver_off.swf" name="off" enable="Y" default="Y"/>
		<state id="msp_flashlight_ver_flashlight_ver_on.swf" name="on" enable="Y"/>
	</prop>
	<prop id="taiwan_tree.swf" name="" holdable="0" placeable="1" wearable="0" facing="left" thumb="" enable="Y" is_premium="N" aid="10425" money="0" sharing="0"/>
	<prop id="taiwan_platform.swf" name="" holdable="0" placeable="1" wearable="0" facing="left" thumb="" enable="N" is_premium="N" aid="10424" money="0" sharing="0"/>
	<prop id="taiwan_bamboo.swf" name="" holdable="0" placeable="1" wearable="0" facing="left" thumb="" enable="N" is_premium="N" aid="10423" money="0" sharing="0"/>
	<prop id="malaysia_bushes.swf" name="" holdable="0" placeable="1" wearable="0" facing="left" thumb="" enable="N" is_premium="N" aid="10422" money="0" sharing="0"/>
	<prop id="space_ball02.swf" name="" holdable="0" placeable="1" wearable="0" facing="left" thumb="" enable="Y" is_premium="N" aid="10421" money="0" sharing="0"/>
	<prop id="space_ball01.swf" name="" holdable="0" placeable="1" wearable="0" facing="left" thumb="" enable="Y" is_premium="N" aid="10420" money="0" sharing="0"/>
	<prop id="space_earth.swf" name="" holdable="0" placeable="1" wearable="0" facing="left" thumb="" enable="Y" is_premium="N" aid="10419" money="0" sharing="0"/>
	<prop id="mojojojo_mach02.swf" name="" holdable="0" placeable="1" wearable="0" facing="left" thumb="" enable="Y" is_premium="N" aid="10418" money="0" sharing="0"/>
	<prop id="mojojojo_mach01.swf" name="" holdable="0" placeable="1" wearable="0" facing="left" thumb="" enable="N" is_premium="N" aid="10417" money="0" sharing="0"/>
	<prop id="mojojojo_chair.swf" name="" holdable="0" placeable="1" wearable="0" facing="left" thumb="" enable="N" is_premium="N" aid="10416" money="0" sharing="0"/>
	<prop id="mojojojo_table.swf" name="" holdable="0" placeable="1" wearable="0" facing="left" thumb="" enable="N" is_premium="N" aid="10415" money="0" sharing="0"/>
	<prop id="kids_jelly.swf" name="" holdable="0" placeable="1" wearable="0" facing="left" thumb="" enable="Y" is_premium="N" aid="10244" money="0" sharing="0"/>
	<prop id="flapjacks_barrel.swf" name="" holdable="0" placeable="1" wearable="0" facing="left" thumb="" enable="Y" is_premium="N" aid="10243" money="0" sharing="0"/>
	<prop id="sydney_fence.swf" name="" holdable="0" placeable="1" wearable="0" facing="left" thumb="" enable="N" is_premium="N" aid="10426" money="0" sharing="0"/>
	<prop id="thailand_bridge.swf" name="" holdable="0" placeable="1" wearable="0" facing="left" thumb="" enable="N" is_premium="N" aid="10427" money="0" sharing="0"/>
	<prop id="msp_flashlight_hor" name="" holdable="1" placeable="1" wearable="0" facing="left" thumb="msp_flashlight_hor_flashlight_hor_off.swf" enable="Y" is_premium="N" aid="10457" money="0" sharing="0">
		<state id="msp_flashlight_hor_flashlight_hor_off.swf" name="off" enable="Y" default="Y"/>
		<state id="msp_flashlight_hor_flashlight_hor_on.swf" name="on" enable="Y"/>
	</prop>
	<prop id="msp_cam" name="" holdable="1" placeable="1" wearable="0" facing="left" thumb="msp_cam_cam_off.swf" enable="Y" is_premium="N" aid="10454" money="0" sharing="0">
		<state id="msp_cam_cam_off.swf" name="off" enable="Y" default="Y"/>
		<state id="msp_cam_cam_on.swf" name="on" enable="Y"/>
	</prop>
	<prop id="street_night_tape.swf" name="" holdable="0" placeable="1" wearable="0" facing="left" thumb="" enable="N" is_premium="N" aid="10438" money="0" sharing="0"/>
	<prop id="street_night_bin.swf" name="" holdable="0" placeable="1" wearable="0" facing="left" thumb="" enable="N" is_premium="N" aid="10437" money="0" sharing="0"/>
	<prop id="street_day_sign02.swf" name="" holdable="0" placeable="1" wearable="0" facing="left" thumb="" enable="N" is_premium="N" aid="10436" money="0" sharing="0"/>
	<prop id="street_day_sign01.swf" name="" holdable="0" placeable="1" wearable="0" facing="left" thumb="" enable="N" is_premium="N" aid="10435" money="0" sharing="0"/>
	<prop id="living_rm_tv.swf" name="" holdable="0" placeable="1" wearable="0" facing="left" thumb="" enable="N" is_premium="N" aid="10434" money="0" sharing="0"/>
	<prop id="living_rm_sofa.swf" name="" holdable="0" placeable="1" wearable="0" facing="left" thumb="" enable="N" is_premium="N" aid="10433" money="0" sharing="0"/>
	<prop id="living_rm_chair.swf" name="" holdable="0" placeable="1" wearable="0" facing="left" thumb="" enable="N" is_premium="N" aid="10432" money="0" sharing="0"/>
	<prop id="beach_prop02.swf" name="" holdable="0" placeable="1" wearable="0" facing="left" thumb="" enable="N" is_premium="N" aid="10431" money="0" sharing="0"/>
	<prop id="beach_prop01.swf" name="" holdable="0" placeable="1" wearable="0" facing="left" thumb="" enable="N" is_premium="N" aid="10430" money="0" sharing="0"/>
	<prop id="thailand_boat02.swf" name="" holdable="0" placeable="1" wearable="0" facing="left" thumb="" enable="Y" is_premium="N" aid="10429" money="0" sharing="0"/>
	<prop id="thailand_boat01.swf" name="" holdable="0" placeable="1" wearable="0" facing="left" thumb="" enable="Y" is_premium="N" aid="10428" money="0" sharing="0"/>
	<prop id="durian_explode.swf" name="" holdable="0" placeable="1" wearable="0" facing="left" thumb="" enable="Y" is_premium="N" aid="10242" money="0" sharing="0"/>
	<prop id="msp_barrel" name="" holdable="0" placeable="1" wearable="0" facing="left" thumb="msp_barrel_barrel_empty.swf" enable="Y" is_premium="N" aid="10239" money="0" sharing="0">
		<state id="msp_barrel_barrel_empty.swf" name="empty" enable="Y" default="Y"/>
		<state id="msp_barrel_barrel_full.swf" name="full" enable="Y"/>
	</prop>
	<prop id="tuktuk.swf" name="" holdable="0" placeable="1" wearable="0" facing="left" thumb="" enable="Y" is_premium="N" aid="10238" money="0" sharing="0"/>
	<prop id="town_tree02.swf" name="Tree" holdable="0" placeable="1" wearable="0" facing="left" thumb="" enable="Y" is_premium="N" aid="10216" money="0" sharing="0"/>
	<prop id="town_tree01.swf" name="Tree" holdable="0" placeable="1" wearable="0" facing="left" thumb="" enable="Y" is_premium="N" aid="10215" money="0" sharing="0"/>
	<prop id="town_hall_trash.swf" name="Trash" holdable="0" placeable="1" wearable="0" facing="left" thumb="" enable="Y" is_premium="N" aid="10214" money="0" sharing="0"/>
	<prop id="police_tree03.swf" name="Tree" holdable="0" placeable="1" wearable="0" facing="left" thumb="" enable="Y" is_premium="N" aid="10213" money="0" sharing="0"/>
	<prop id="police_tree02.swf" name="Tree" holdable="0" placeable="1" wearable="0" facing="left" thumb="" enable="Y" is_premium="N" aid="10212" money="0" sharing="0"/>
	<prop id="police_tree01.swf" name="Tree" holdable="0" placeable="1" wearable="0" facing="left" thumb="" enable="Y" is_premium="N" aid="10211" money="0" sharing="0"/>
	<prop id="police_margue.swf" name="Margue van" holdable="0" placeable="1" wearable="0" facing="left" thumb="" enable="Y" is_premium="N" aid="10210" money="0" sharing="0"/>
	<prop id="police_car.swf" name="Police car" holdable="0" placeable="1" wearable="0" facing="left" thumb="" enable="Y" is_premium="N" aid="10209" money="0" sharing="0"/>
	<prop id="indo_tree.swf" name="" holdable="0" placeable="1" wearable="0" facing="left" thumb="" enable="N" is_premium="N" aid="10208" money="0" sharing="0"/>
	<prop id="msp_sonic" name="" holdable="1" placeable="0" wearable="0" facing="left" thumb="msp_sonic_sonic_med.swf" enable="N" is_premium="N" aid="10204" money="0" sharing="0">
		<state id="msp_sonic_sonic_long.swf" name="long" enable="Y"/>
		<state id="msp_sonic_sonic_med.swf" name="medium" enable="Y" default="Y"/>
		<state id="msp_sonic_sonic_short.swf" name="short" enable="Y"/>
	</prop>
	<prop id="octi.swf" name="Octi" holdable="1" placeable="0" wearable="0" facing="left" thumb="" enable="Y" is_premium="N" aid="10203" money="0" sharing="0"/>
	<prop id="msp_laser" name="" holdable="1" placeable="0" wearable="0" facing="left" thumb="msp_laser_laser_med.swf" enable="N" is_premium="N" aid="10199" money="0" sharing="0">
		<state id="msp_laser_laser_long.swf" name="long" enable="Y"/>
		<state id="msp_laser_laser_med.swf" name="medium" enable="Y" default="Y"/>
		<state id="msp_laser_laser_short.swf" name="short" enable="Y"/>
	</prop>
	<prop id="msp_ice" name="" holdable="1" placeable="0" wearable="0" facing="left" thumb="msp_ice_ice_med.swf" enable="N" is_premium="N" aid="10195" money="0" sharing="0">
		<state id="msp_ice_ice_long.swf" name="long" enable="Y"/>
		<state id="msp_ice_ice_med.swf" name="medium" enable="Y" default="Y"/>
		<state id="msp_ice_ice_short.swf" name="short" enable="Y"/>
	</prop>
	<prop id="town_pickles_cart.swf" name="Pickles cart" holdable="0" placeable="1" wearable="0" facing="left" thumb="" enable="Y" is_premium="N" aid="10217" money="0" sharing="0"/>
	<prop id="circket_bat.swf" name="" holdable="1" placeable="1" wearable="0" facing="left" thumb="" enable="Y" is_premium="N" aid="10218" money="0" sharing="0"/>
	<prop id="jeepney.swf" name="" holdable="0" placeable="1" wearable="0" facing="left" thumb="" enable="Y" is_premium="N" aid="10237" money="0" sharing="0"/>
	<prop id="elephant_ride.swf" name="" holdable="0" placeable="1" wearable="0" facing="left" thumb="" enable="Y" is_premium="N" aid="10236" money="0" sharing="0"/>
	<prop id="satellite.swf" name="" holdable="0" placeable="1" wearable="0" facing="left" thumb="" enable="Y" is_premium="N" aid="10235" money="0" sharing="0"/>
	<prop id="command_module.swf" name="" holdable="0" placeable="1" wearable="0" facing="left" thumb="" enable="Y" is_premium="N" aid="10234" money="0" sharing="0"/>
	<prop id="msp_tech" name="" holdable="0" placeable="1" wearable="0" facing="left" thumb="msp_tech_tech_manual_closed.swf" enable="Y" is_premium="N" aid="10231" money="0" sharing="0">
		<state id="msp_tech_tech_manual_closed.swf" name="closed" enable="Y" default="Y"/>
		<state id="msp_tech_tech_manual_opened.swf" name="open" enable="Y"/>
	</prop>
	<prop id="telescope.swf" name="" holdable="0" placeable="1" wearable="0" facing="left" thumb="" enable="Y" is_premium="N" aid="10230" money="0" sharing="0"/>
	<prop id="remote_controlled.swf" name="" holdable="1" placeable="1" wearable="0" facing="left" thumb="" enable="Y" is_premium="N" aid="10229" money="0" sharing="0"/>
	<prop id="chemical_x.swf" name="" holdable="1" placeable="1" wearable="0" facing="left" thumb="" enable="Y" is_premium="N" aid="10228" money="0" sharing="0"/>
	<prop id="secret_plan.swf" name="" holdable="1" placeable="1" wearable="0" facing="left" thumb="" enable="Y" is_premium="N" aid="10227" money="0" sharing="0"/>
	<prop id="msp_bubble" name="" holdable="1" placeable="1" wearable="0" facing="left" thumb="msp_bubble_bubble_gun_still.swf" enable="Y" is_premium="N" aid="10224" money="0" sharing="0">
		<state id="msp_bubble_bubble_gun_still.swf" name="still" enable="Y" default="Y"/>
		<state id="msp_bubble_bubble_gun_shoot.swf" name="shoot" enable="Y"/>
	</prop>
	<prop id="saw_gun.swf" name="" holdable="1" placeable="1" wearable="0" facing="left" thumb="" enable="Y" is_premium="N" aid="10223" money="0" sharing="0"/>
	<prop id="msp_boom" name="" holdable="1" placeable="1" wearable="0" facing="left" thumb="msp_boom_boomerang_still.swf" enable="Y" is_premium="N" aid="10220" money="0" sharing="0">
		<state id="msp_boom_boomerang_still.swf" name="still" enable="Y" default="Y"/>
		<state id="msp_boom_boomerang_rotate.swf" name="rotate" enable="Y"/>
	</prop>
	<prop id="surfboard.swf" name="" holdable="0" placeable="1" wearable="0" facing="left" thumb="" enable="Y" is_premium="N" aid="10219" money="0" sharing="0"/>
	<prop id="gun.swf" name="Gun" holdable="1" placeable="1" wearable="0" facing="left" thumb="" enable="Y" is_premium="N" aid="10194" money="0" sharing="0"/>
</theme>
